Code_commune_INSEE;Nom_commune;Code_postal;Libelle_acheminement;Ligne_5;coordonnees_gps
80355;FRESNEVILLE;80140;FRESNEVILLE;;49.9469630616, 1.753960976
80365;FRICAMPS;80290;FRICAMPS;;49.7720118421, 1.95186211928
80368;FRIVILLE ESCARBOTIN;80130;FRIVILLE ESCARBOTIN;;50.0912781795, 1.52364516053
80379;GLISY;80440;GLISY;;49.8341850031, 2.39954269272
80387;GRATTEPANCHE;80680;GRATTEPANCHE;;49.8142899245, 2.29952854065
80393;GRUNY;80700;GRUNY;;49.7015900422, 2.77539756139
80399;GUIGNEMICOURT;80540;GUIGNEMICOURT;;49.872686231, 2.06894684401
80400;GUILLAUCOURT;80170;GUILLAUCOURT;;49.8050137743, 2.68380397389
80411;LE HAMEL;80800;LE HAMEL;;49.9016470659, 2.53555403839